Name;CategN
Abies alba;E
Abies amabilis;C2
Abies balsamea;C3
Abies cephalonica;C2
Abies concolor;C3
Abies grandis;C3
Abies koreana;C2
Abies lasiocarpa;C3
Abies magnifica;C2
Abies mariesii;C2
Abies nordmanniana;C3
Abies procera;C3
Abies sachalinensis;C2
Abies sibirica;C2
Abies veitchii;C2
Abutilon theophrasti;C0
Acalypha brachystachya;C0
Acanthoxanthium spinosum;C0
Acartia tonsa;E
Acer barbinerve;C1
Acer campestre;C3
Acer ginnala;C3
Acer japonicum;C1
Acer monspessulanum;C1
Acer negundo;C2
Acer palmatum;C1
Acer pictum;C1
Acer pseudoplatanus;E
Acer pseudosieboldianum;C2
Acer saccharinum;C2
Acer saccharum;B2
Acer sieboldianum;C1
Acer tataricum;C2
Acer tegmentosum;C2
Acheta domestica;C0
Achillea filipendulina;C1
Achillea millefolium;NA
Achillea nobilis;D2
Achillea ptarmica;NA
Achillea tomentosa;C0
Acinos alpinus;C1
Aconitum × cammarum;C3
Aconitum lasiostomum;C1
Aconitum napellus;D2
Aconogonon alpinum;C3
Aconogonon divaricatum;C3
Aconogonon × fennicum;D2
Aconogonon sibiricum;C1
Aconogonon weyrichii;C3
Acorus calamus;E
Acrotona parens;E
Acrotona pseudotenera;E
Acrotrichis cognata;E
Acrotrichis henrici;E
Acrotrichis insularis;E
Actaea rubra;C1
Actinidia arguta;C1
Actinidia deliciosa;C0
Actinidia kolomikta;C1
Adenophora gmelinii;C1
Adistemia watsoni;C1
Adlumia fungosa;C0
Adonis annua;C0
Aegilops cylindrica;C0
Aesculus hippocastanum;D2
Aethusa cynapium segetalis;C0
Agaricus bisporus;C3
Agaricus bitorquis;D2
Agaricus subperonatus;D2
Agaricus xanthodermus;D2
Agastache rugosa;C1
Agastache urticifolia;C2
Ageratum houstonianum;C0
Aglaothamnion halliae;D2
Agrocybe cylindracea;C1
Agropsar sturninus;C1
Agropyron cristatum;C2
Agrostemma brachyloba;C0
Agrostemma githago;NA
Agrostis capillaris;NA
Agrostis scabra;C0
Ahasverus advena;B1
Aix galericulata;C2
Aix sponsa;C1
Ajuga genevensis;C3
Alcea pallida;C0
Alcea rosea;C2
Alcea setosa;C0
Alchemilla heptagona;C3
Alchemilla mollis;D2
Alchemilla sarmatica;C3
Alchemilla semilunaris;C3
Alchemilla speciosa;C1
Alchemilla subcrenata;NA
Alchemilla wichurae;NA
Alectoris chukar;C1
Alectoris rufa;C2
Allium angulosum;C3
Allium caeruleum;C2
Allium carinatum;C3
Allium cepa;NA
Allium × hollandicum;C3
Allium rotundum;C3
Allium sativum;C0
Allium scorodoprasum;E
Allium siculum;C2
Allium victorialis;D2
Alnus alnobetula;D2
Alopecurus geniculatus;NA
Alopecurus myosuroides;C2
Alopecurus pratensis pratensis;E
Alopochen aegyptiaca;C1
Alphitobius diaperinus;C0
Alphitophagus bifasciatus;E
Althaea officinalis;C2
Alyssum alyssoides;E
Alyssum desertorum;C0
Alyssum hirsutum;C0
Amandava amandava;C1
Amaranthus albus;C2
Amaranthus blitoides;C0
Amaranthus blitum;C0
Amaranthus caudatus;C0
Amaranthus cruentus;C0
Amaranthus deflexus;C0
Amaranthus hybridus hybridus;C2
Amaranthus hybridus quitensis;C0
Amaranthus hypochondriacus hypochondriacus;C0
Amaranthus hypochondriacus powellii;C2
Amaranthus palmeri;C0
Amaranthus retroflexus;C2
Amaranthus spinosus;C0
Amaranthus viridis;C0
Ambrosia artemisiifolia;C0
Ambrosia psilostachya;C2
Ambrosia trifida;C0
Ameiurus nebulosus;D2
Amelanchier alnifolia;E
Amelanchier lamarckii;D2
Amelanchier spicata;E
Ammi majus;C0
Ammi visnaga;C0
Amphiareus obscuriceps;B1
Amphibalanus improvisus;E
Amsinckia intermedia;C0
Amsinckia lycopsoides;C2
Amsinckia menziesii;E
Amsinckia tesselata;C0
Anacyclus clavatus;C2
Anaphalis margaritacea;E
Anas cyanoptera;C1
Anas erythrorhyncha;C1
Anas formosa;C1
Anas sibilatrix;C1
Anchusa arvensis orientalis;C0
Anchusa azurea;C3
Androniscus dentiger;D2
Androsace elongata;C3
Anemone apennina;C2
Anemone blanda;C3
Anemone canadensis;C3
Anemone coronaria;C0
Anemone scabiosa;C2
Anemone sylvestris;D2
Anethum graveolens;C0
Angiostrongylus vasorum;E
Anguillicoloides crassus;E
Anisantha diandra;C0
Anisantha madritensis;C2
Anisantha rigida;C0
Anoda cristata;C0
Anser cygnoides;C1
Anser indicus;C2
Anthemis cotula;D2
Anthemis ruthenica;D2
Anthoxanthum aristatum;C0
Anthrenus museorum;C2
Anthrenus olgae;C0
Anthriscus caucalis;C0
Anthriscus cerefolium;C2
Anthriscus fumarioides;C0
Anthriscus sylvestris;NA
Anthyllis lotoides;C0
Anthyllis vulneraria carpatica;D2
Antirrhinum majus;C2
Antithamnion nipponicum;E
Aphanes arvensis;D2
Aphanomyces astaci;E
Aphrastasia pectinatae;E
Apis mellifera;C2
Apium graveolens;C0
Aptenodytes patagonicus;C1
Aquilegia chrysantha;C1
Aquilegia vulgaris;E
Arabidopsis arenosa;E
Arabidopsis halleri;C2
Arabidopsis suecica;E
Arabis caucasica;D2
Arachis hypogaea;C0
Aralia elata;C1
Aralia racemosa;C3
Araucaria araucana;C2
Arctium lappa;E
Arctium tomentosum;E
Ardeola bacchus;C1
Aremonia agrimonioides;C1
Arenaria leptoclados;C0
Argemone mexicana;C0
Argyranthemum frutescens;C0
Argyresthia fundella;E
Argyresthia trifasciata;E
Arion rufus;C3
Arion vulgaris;E
Aristolochia clematitis;D2
Aristolochia macrophylla;C1
Armadillidium nasatum;C2
Armoracia rusticana;E
Arnica mollis;C3
Aronia melanocarpa;C2
Aronia × prunifolia;C2
Arrhenatherum elatius bulbosum;C1
Artemisia abrotanum;C2
Artemisia absinthium;NA
Artemisia annua;C0
Artemisia austriaca;C2
Artemisia biennis;C0
Artemisia dracunculus;C1
Artemisia pontica;D2
Artemisia sieversiana;C3
Artemisia stelleriana;C3
Arum maculatum;C3
Aruncus dioicus;E
Asarum canadense;C3
Asperula arvensis;C0
Asperula orientalis;C0
Asphodelus fistulosus;C0
Aster alpinus;C2
Aster amellus;C2
Aster × frikartii;C1
Astilbe × arendsii;C2
Astilbe japonica;C2
Astragalus boeticus;C0
Astragalus cicer;C2
Astragalus scorpioides;C0
Astrantia major;D2
Athene noctua;C1
Atheta inquinula;C1
Atomaria lewisi;E
Atomaria scutellaris;C1
Atractotomus parvulus;E
Atriplex halimus;C2
Atriplex hortensis;C3
Atriplex rosea;C0
Atriplex sagittata;C0
Atriplex tatarica;C0
Atropa belladonna;C3
Aubrieta × cultorum;C1
Auricularia auricula-judae;E
Aurinia saxatilis;C3
Avena barbata;C0
Avena brevis;C0
Avena sativa;NA
Avena sterilis;C0
Avena strigosa;C3
Axyris amaranthoides;C2
Azolla filiculoides;C2
Baeocrara japonica;E
Ballota nigra nigra;C3
Ballota nigra ruderalis;C3
Balsamita major;C3
Bambara contorta;E
Barbarea intermedia;C0
Barbarea stricta;NA
Barbarea verna;C0
Barbarea vulgaris;E
Bassia scoparia;C0
Beckmannia syzigachne;D2
Bembidion clarkii;C1
Beosus maritimus;B1
Berberis aggregata;C2
Berberis darwinii;C1
Berberis julianae;C1
Berberis × ottawensis;C1
Berberis thunbergii;E
Bergenia cordifolia;C3
Bergenia crassifolia;C3
Berteroa incana;E
Beta vulgaris vulgaris;C0
Betonica macrantha;C3
Betonica officinalis;C3
Betula fruticosa;C0
Bidens ferulifolia;C0
Bidens frondosa;C0
Bidens pilosa;C0
Bidens radiata;C0
Bidens vulgata;C0
Bifora testiculata;C0
Bisnius parcus;E
Bistorta affinis;C3
Bistorta officinalis;D2
Bithynia tentaculata;C3
Blattella germanica;C0
Blitum capitatum;C2
Blumeriella jaapii;E
Boettgerilla pallens;D2
Bohemiellina flavipennis;E
Boletellus projectellus;D1
Bonnemaisonia hamifera;E
Borago officinalis;C2
Botrylloides violaceus;E
Brachymyrmex patagonicus;C0
Brachyscome iberidifolia;C0
Branta canadensis;D2
Branta hutchinsii;C1
Brassica elongata;C3
Brassica fruticulosa;C0
Brassica juncea;C3
Brassica nigra;C2
Brassica tournefortii;C2
Braula coeca;D2
Briza maxima;C0
Briza minor;C0
Bromopsis erecta;D2
Bromopsis inermis;E
Bromopsis pubescens;C3
Bromus commutatus;C2
Bromus japonicus;C2
Bromus lanceolatus;C0
Bromus lepidus;C0
Bromus racemosus;C0
Bromus squarrosus;C2
Brugmansia suaveolens;C0
Brunnera macrophylla;C3
Bryonia alba;D2
Bryonia cretica dioica;C2
Bucephala albeola;C1
Buddleja davidii;C3
Buglossoides arvensis;NA
Bulbostylis capillaris;C0
Bunias erucago;C0
Bunias orientalis;E
Bunium bulbocastanum;C3
Bupleurum rotundifolium;C0
Buteo swainsoni;C1
Butorides striata;C1
Buxus sempervirens;C2
Cadra cautella;C0
Caenoscelis subdeplanata;E
Cairina moschata;C1
Calandrinia ciliata;C0
Calceolaria integrifolia;C0
Calceolaria scabiosifolia;C0
Calendula arvensis;C3
Calendula officinalis;C2
Callistephus chinensis;C0
Calocedrus decurrens;C2
Calosoma auropunctatum;C1
Calyptomerus dubius;E
Calystegia pulchra;E
Calystegia sepium spectabilis;D2
Camelina alyssum;C3
Camelina microcarpa;D2
Camelina sativa;C3
Camelostrongylus mentulatus;E
Cameraria ohridella;C2
Campanula carpatica;C2
Campanula cochleariifolia;C1
Campanula glomerata glomerata;D2
"Campanula glomerata ""Superba""";E
Campanula lactiflora;C2
Campanula latifolia macrantha;D2
Campanula medium;C2
Campanula patula;E
Campanula punctata;C1
Campanula pyramidalis;C1
Campanula rapunculoides;E
Campanula rapunculus;C1
Campylopus introflexus;E
Cannabis sativa;C0
Cantharis cryptica;D2
Capnoides sempervirens;C3
Caprella mutica;E
Capsella bursa-pastoris;NA
Capsicum annuum;C0
Carabus auratus;C0
Caragana arborescens;E
Caragana frutex;C2
Carassius auratus;D2
Carcinops pumilio;E
Cardinalis cardinalis;C2
Carduelis sinica;C1
Carduus acanthoides;C3
Carduus hamulosus;C1
Carduus nutans leiophyllus;D2
Carduus nutans nutans;C3
Carduus tenuiflorus;C3
Carex bohemica;C0
Carex filiformis;C1
Carex muskingumensis;C2
Carex pendula;C3
Carex praecox;C3
Carex strigosa;C3
Carex vulpina;C1
Carlina acaulis caulescens;C3
Carpelimus zealandicus;D2
Carpinus betulus;E
Carpobrotus edulis;C0
Carpodacus roseus;C1
Carpodacus rubicilloides;C1
Carpophilus hemipterus;E
Carpophilus marginellus;E
Carthamus lanatus;C0
Carthamus tinctorius;C0
Cartodere bifasciata;E
Cartodere constricta;E
Cartodere nodifer;E
Carum carvi;NA
Castanea sativa;C2
Catapodium rigidum;C0
Cathartes aura;C1
Catolobus pendulus;C0
Caucalis platycarpos;C0
Cedrus atlantica;C1
Celastrus orbiculatus;C2
Celosia argentea;C0
Centaurea algeriensis;C0
Centaurea aspera;C0
Centaurea calcitrapa;C0
Centaurea diffusa;C0
Centaurea melitensis;C0
Centaurea nemoralis;D2
Centaurea orientalis;C0
Centaurea pallescens;C0
Centaurea solstitialis;C0
Centaurea stoebe;D2
Centella asiatica;C0
Centranthus ruber;C0
Cepaea nemoralis;E
Cephalaria alpina;C2
Cephalaria gigantea;C3
Cephalaria syriaca;C0
Ceramium sungminbooi;C1
Cerastium dubium;C0
Cerastium fontanum vulgare;NA
Cerastium glomeratum;E
Cerastium tomentosum;E
Ceratitis capitata;C0
Ceratochloa carinata;C0
Ceratochloa cathartica;C2
Ceratochloa sitchensis;C3
Ceratophysella gibbosa;C3
Cercidiphyllum japonicum;C2
Cerinthe major;C0
Cerinthe minor;C0
Chaenomeles japonica;C2
Chaenomeles speciosa;C2
Chaenorhinum minus;E
Chaenorhinum origanifolium;C0
Chaerophyllum aromaticum;C3
Chaerophyllum aureum;C3
Chaerophyllum bulbosum;C3
Chaerophyllum hirsutum;C3
Chaerophyllum prescottii;C3
Chaerophyllum temulum;C3
Chamaecrista nictitans;C0
Chamaecyparis lawsoniana;C2
Chamaecyparis pisifera;C2
Chamaecytisus glaber;C3
Chamaecytisus hirsutus;C3
Chamaecytisus purpureus;C1
Chamaecytisus supinus;C1
Chamaecytisus × versicolor;C3
Chamaespartium sagittale;C1
Chamerion latifolium;C3
Chelone glabra;C1
Chelone obliqua;C1
Chen caerulescens;C2
Chen canagicus;C1
Chen rossii;C1
Chenopodiastrum hybridum;D2
Chenopodiastrum murale;C3
Chenopodiastrum simplex;C0
Chenopodium acuminatum;C0
Chenopodium album;NA
Chenopodium berlandieri;C2
Chenopodium borbasioides;C0
Chenopodium desiccatum leptophylloides;C2
Chenopodium ficifolium;D2
Chenopodium foliosum;C2
Chenopodium giganteum;C0
Chenopodium hircinum;C0
Chenopodium karoi;C0
Chenopodium leptophyllum;C0
Chenopodium missouriense;C2
Chenopodium opulifolium;C2
Chenopodium probstii;C2
Chenopodium strictum;C0
Chenopodium vulvaria;C0
Chionoecetes opilio;E
Chlorophorus glabromaculatus;C0
Chlorophyllum brunneum;D2
Chorispora tenella;C0
Chromaphis juglandicola;C3
Chrysolophus pictus;C1
Ciboria rufofusca;D2
Cicer arietinum;C0
Cicerbita macrophylla;E
Cicerbita plumieri;E
Cichorium endivia;C2
Ciconia abdimii;C1
Cimicifuga racemosa;C1
Cirsium dissectum;C3
Cirsium obvallatum;C1
Cirsium rivulare;C1
Citrullus lanatus;C0
Clambus simsoni;C1
Clarkia amoena;C0
Clarkia pulchella;C0
Clarkia rhomboidea;C0
Clarkia unguiculata;C0
Clavulinopsis daigremontiana;C1
Claytonia perfoliata;D2
Claytonia sibirica;E
Clematis alpina;D2
Clematis flammula;C1
Clematis integrifolia;C1
Clematis recta;C3
Clematis tangutica;C2
Clematis vitalba;C3
Clematis viticella;C3
Clinopodium nepeta;C0
Clitopilus passeckerianus;C1
Codium fragile;E
Codonopsis clematidea;C0
Coincya monensis cheiranthos;D2
Colchicum autumnale;C3
Coleosporium tussilaginis;D2
Coleostephus myconis;C0
Colinus virginianus;C1
Colletotrichum trichellum;E
Collomia biflora;C0
Collomia linearis;C2
Colpomenia peregrina;E
Columba livia;D2
Commelina communis;C0
Comstockaspis perniciosa;B1
Conium maculatum;D2
Conocybe intrusa;C1
Conringia orientalis;C2
Consolida ajacis;C0
Consolida orientalis;C0
Consolida regalis;C0
Contarinia pisi;E
Contarinia pyrivora;E
Conyza bonariensis;C2
Conyza canadensis;E
Conyza sumatrensis;C2
Coproporus immigrans;E
Corcyra cephalonica;C0
Cordylophora caspia;D2
Coreopsis grandiflora;C2
Coreopsis tinctoria;C0
Coreopsis verticillata;C0
Coriandrum sativum;C2
Cornu aspersum;C2
Cornus mas;C1
Coronilla scorpioides;C0
Corrigiola litoralis;C0
Corticaria elongata;E
Corticarina cavicollis;C1
Corticarina curta;D2
Corydalis angustifolia;C3
Corydalis aurea;C0
Corydalis bracteata;C3
Corydalis nobilis;C3
Corydalis ophiocarpa;C2
Corydalis solida;E
Corydalis wendelboi;C2
Corylus maxima;C2
Cosmos bipinnatus;C0
Cota austriaca;C0
Cota tinctoria;E
Cotinus coggygria;C1
Cotoneaster acutifolius;C3
Cotoneaster adpressus;C2
Cotoneaster ascendens;D2
Cotoneaster atropurpureus;C2
Cotoneaster bullatus;E
Cotoneaster cashmiriensis;C2
Cotoneaster dammeri;D2
Cotoneaster dielsianus;E
Cotoneaster divaricatus;E
Cotoneaster foveolatus;D2
Cotoneaster hissaricus;C2
Cotoneaster hjelmqvistii;C2
Cotoneaster horizontalis;E
Cotoneaster ignescens;C2
Cotoneaster laetevirens;C3
Cotoneaster latifolius;C2
Cotoneaster lucidus;E
Cotoneaster moupinensis;D2
Cotoneaster multiflorus;E
Cotoneaster nanshan;C2
Cotoneaster nebrodensis;E
Cotoneaster rotundifolius;C2
Cotoneaster salicifolius;C3
Cotoneaster symondsii;D2
Cotoneaster villosulus;D2
Cotula australis;C0
Cotula coronopifolia;D2
Crambe hispanica;C1
Crangonyx pseudogracilis;C3
Crassostrea gigas;E
Crataegus flabellata;C2
Crataegus laevigata;E
Crataegus macracantha;C3
Crataegus sanguinea;E
Crepidula fornicata;E
Crepis biennis;E
Crepis capillaris;D2
Crepis nicaeensis;C0
Crepis rubra;C0
Crepis setosa;C3
Crepis sibirica;C0
Crocosmia aurea;C1
Crocosmia × crocosmiiflora;C1
Crocus chrysanthus;C3
Crocus flavus;C3
Crocus speciosus;C3
Crocus × stellaris;C3
Crocus tommasinianus;C3
Crocus vernus;C3
Cronartium ribicola;E
Cruciata laevipes;C3
Cruciata pedemontana;C0
Cryptocline taxicola;E
Cryptolaemus montrouzieri;C0
Cryptomeria japonica;C2
Cryptophagus acutangulus;E
Cryptophagus cellaris;D2
Cryptophagus subfumatus;D2
Cryptophilus propinquus;E
Cryptopleurum subtile;E
Cryptops parisi;E
Cryptopygus thermophilus;C3
Cucumis melo;C0
Cucumis sativus;C0
Cucurbita pepo;C0
Culex pipiens;C3
Cuminum cyminum;C0
Cupressus nootkatensis;C2
Cuscuta campestris;C0
Cuscuta epilinum;C3
Cuscuta monogyna;C0
Cyanus cheiranthifolius;C3
Cyanus cyanoides;C0
Cyanus montanus;E
Cyanus triumfettii;C3
Cyathus stercoreus;C1
Cyclachaena xanthiifolia;C0
Cyclospermum leptophyllum;C3
Cygnus atratus;C1
Cylindroiulus truncorum;C0
Cymbalaria muralis;E
Cynodon dactylon;C1
Cynoglossum amabile;C2
Cynoglossum wallichii glochidiatum;C0
Cynosurus echinatus;C0
Cyperus eragrostis;C0
Cyprinus carpio;D2
Cytisus decumbens;C2
Cytisus × praecox;C2
Cytisus scoparius;E
Dacnusa sibirica;B1
Dactylis glomerata;NA
Dactylorhiza majalis baltica;C1
Dahlia × pinnata;C0
Dalotia coriaria;E
Dama dama;D2
Daphnia ambigua;D1
Darmera peltata;C1
Dasineura mali;C3
Dasineura pyri;E
Dasiphora fruticosa;D2
Dasya baillouviana;E
Dasysiphonia japonica;E
Datura innoxia;C0
Datura leichhardtii;C0
Datura stramonium;D2
Daucus carota carota;E
Delphinella abietis;E
Delphinium austriacum;C0
Delphinium elatum;C3
Delphinium grandiflorum;C0
Deraeocoris lutescens;E
Deroceras invadens;D1
Deroceras reticulatum;D2
Deschampsia cespitosa cespitosa;NA
Descolea antarctica;C3
Descurainia incana;C0
Descurainia pinnata;C0
Descurainia sophia;NA
Desoria trispinata;C3
Deutzia crenata;C1
Deutzia purpurascens;C1
Deutzia scabra;C1
Diadumene lineata;D2
Dianthus barbatus;D2
Dianthus carthusianorum;C2
Dianthus caryophyllus;C3
Dianthus chinensis;C0
Dianthus cruentus;C1
Dianthus glacialis;C1
Dianthus knappii;C0
Dianthus plumarius;D2
Dicentra formosa;D2
Dichondra micrantha;C0
Didymascella thujina;D2
Diervilla florida;C2
Diervilla lonicera;C1
Digitalis grandiflora;C3
Digitalis lanata;C1
Digitalis lutea;C2
Digitaria ischaemum;C0
Digitaria sanguinalis;C2
Diplotaxis acris;C0
Diplotaxis erucoides;C0
Diplotaxis muralis;E
Diplotaxis tenuifolia;D2
Dipsacus fullonum;D2
Dipsacus strigosus;C3
Doronicum columnae;C3
Doronicum × excelsum;C3
Doronicum macrophyllum;C3
Doronicum pardalianches;C3
Doronicum plantagineum;C3
Dorycnium pentaphyllum;C1
Dorytomus filirostris;D2
Draba aizoides;C3
Draba nemorosa;E
Dracocephalum moldavicum;C0
Dracocephalum nutans;C0
Dracocephalum parviflorum;C2
Dracocephalum thymiflorum;D2
Drosophila busckii;E
Drosophila hydei;E
Drosophila immigrans;E
Drosophila melanogaster;E
Drosophila repleta;C0
Drosophila suzukii;C0
Duchesnea indica;C3
Dysphania ambrosioides;C2
Dysphania botrys;C0
Dysphania multifida;C0
Dysphania pumilio;C0
Dysphania schraderiana;C2
Echinacea purpurea;C1
Echinochloa colona;C0
Echinochloa crus-galli;E
Echinochloa esculenta;C0
Echinococcus multilocularis;A
Echinocystis lobata;C0
Echinops bannaticus;C3
Echinops exaltatus;D2
Echinops sphaerocephalus;E
Echium creticum;C0
Echium plantagineum;C2
Echium vulgare;E
Elaeagnus commutata;C3
Elaeosticta lutea;C0
Elatine alsinastrum;C3
Eleusine africana;C0
Eleutherococcus senticosus;C0
Elodea canadensis;E
Elodea nuttallii;E
Elsholtzia ciliata;C2
Elymus canadensis;C1
Elymus hispidus;C1
Elymus trachycaulus;C1
Elytrigia atherica;C1
Elytrigia elongata;C2
Elytrigia repens repens;NA
Emberiza bruniceps;C1
Emberiza elegans;C1
Emex spinosa;C0
Emys orbicularis;C1
Ensis directus;E
Eophona personata;C1
Ephestia kuehniella;C0
Epidalea calamita;C2
Epilobium brunnescens;C3
Epilobium ciliatum ciliatum;E
Epilobium ciliatum glandulosum;E
Epilobium hirsutum;D2
Epilobium komarovianum;C2
Epilobium tetragonum;D2
Epimedium alpinum;C3
Epimedium × rubrum;C1
Epinotia fraternana;E
Epinotia nigricana;E
Epinotia subsequana;E
Eragrostis cilianensis;C2
Eragrostis minor;C2
Eranthis hyemalis;C3
Eratigena atrica;D2
Eremopoa persica;C2
Eremopyrum triticeum;C0
Erica herbacea;C1
Erichsonius signaticornis;C1
Erigeron annuus;D2
Erigeron philadelphicus;C0
Erigeron speciosus;C2
Erigone dentosa;C1
Eriocheir sinensis;C1
Eriosoma lanigerum;C2
Erodium botrys;C0
Erodium ciconium;C0
Erodium cicutarium;NA
Erodium cygnorum;C0
Erodium manescavi;C1
Erodium moschatum;C0
Eruca vesicaria;C2
Erucaria hispanica;C0
Erucastrum abyssinicum;C0
Erucastrum gallicum;D2
Erucastrum supinum;C0
Eryngium alpinum;C3
Eryngium giganteum;D2
Eryngium planum;D2
Erysimum altum;E
Erysimum cheiranthoides;NA
Erysimum cheiri;C1
Erysimum marshallii;C2
Erysimum repandum;C2
Erysimum virgatum;NA
Erysiphe alphitoides;E
Erysiphe divaricata;E
Erysiphe flexuosa;E
Erysiphe friesii;D2
Erysiphe hypophylla;D2
Erysiphe palczewskii;D2
Erysiphe syringae-japonicae;E
Erysiphe vanbruntiana;E
Erysiphe viburnicola;E
Erythronium albidum;C1
Erythronium dens-canis;C3
Erythronium grandiflorum;C1
Erythronium sibiricum;C3
Eschscholzia caespitosa;C0
Eschscholzia californica;C2
Eucalyptus gunnii;C0
Euclidium syriacum;C0
Eudianthe coeli-rosa;C0
Eudyptes chrysolophus;C1
Euonymus europaeus;E
Euonymus fortunei;C1
Euonymus latifolius;C3
Euonymus nanus;D2
Euonymus sachalinensis;C3
Euophryum confine;C0
Euphorbia amygdaloides;C3
Euphorbia chamaesyce;C2
Euphorbia cyparissias;E
Euphorbia dulcis;C3
Euphorbia epithymoides;C2
Euphorbia esula;E
Euphorbia exigua;C2
Euphorbia lathyris;C3
Euphorbia peplus;E
Eupteryx decemnotata;B1
Euthamia graminifolia;C1
Eutrochium purpureum;C2
Fagopyrum esculentum;C2
Fagopyrum tataricum;C2
Falco cherrug;C1
Fallopia baldschuanica;C2
Fallopia convolvulus;NA
Fargesia spathacea;C1
Feltiella acarisuga;B1
Festuca amethystina;D2
Festuca eskia;C1
Festuca gautieri;C3
Festuca heterophylla;C3
Festuca rubra commutata;E
Festuca rubra megastachya;D2
Festuca rubra rubra;NA
Ficus carica;C1
Filago germanica;C0
Filago pyramidata;C0
Filipendula camtschatica;C3
Filipendula purpurea;C2
Filipendula rubra;C1
Fimbristylis autumnalis;C0
Foeniculum vulgare;C1
Folsomia penicula;C3
Folsomia similis;C3
Forsythia × intermedia;C3
Forsythia suspensa;C2
Fourraea alpina;D2
Fragaria × ananassa;C2
Fragaria chiloensis;C3
Fragaria moschata;E
Fragaria virginiana;D2
Frankenia pulverulenta;C0
Friesea sublimis;C3
Fritillaria camschatcensis;C1
Fritillaria meleagris;C3
Fuchsia × hybrida;C0
Fumaria capreolata;C0
Fumaria densiflora;C0
Fumaria muralis muralis;C0
Fumaria vaillantii;C0
Gabronthus sulcifrons;E
Gabronthus thermarum;E
Gagea minima;E
Gagea pratensis;D2
Gagea spathacea;C1
Gaillardia × grandiflora;C2
Gaillardia pulchella;C0
Galanthus elwesii;C3
Galanthus nivalis;E
Galanthus × valentinei;C3
Galatella sedifolia;C2
Galega × hartlandii;C3
Galega officinalis;C2
Galega orientalis;C3
Galeopsis angustifolia;C3
Galeopsis pubescens;C3
Galeopsis segetum;C0
Galeopsis tetrahit;NA
Galinsoga parviflora;D2
Galinsoga quadriradiata;D2
Galium album;NA
Galium aparine;NA
Galium mollugo;D2
Galium pumilum;D2
Galium pycnotrichum;C2
Galium rivale;C1
Galium rotundifolium;C2
Galium spurium spurium;C0
Galium tricornutum;C2
Gamochaeta pensylvanica;C2
Gamochaeta purpurea;C3
Gasterophilus intestinalis;D2
Gaudinia fragilis;C0
Genista anglica;C1
Genista pilosa;C1
Genista tinctoria;C3
Gentiana septemfida;C1
Geranium bicknellii;C0
Geranium carolinianum;C0
Geranium divaricatum;C2
Geranium endressii;C3
Geranium macrorrhizum;C3
Geranium × magnificum;C1
Geranium nodosum;C3
Geranium palustre;C3
Geranium phaeum;D2
Geranium platypetalum;C1
Geranium pylzowianum;C3
Geranium pyrenaicum;E
Geranium rotundifolium;C0
Geranium sibiricum;D2
Geum aleppicum;D2
Geum coccineum;C2
Geum macrophyllum;E
Geum quellyon;C3
Gilia capitata;C0
Gilia tricolor;C0
Gladiolus × hortulanus;C0
Gladiolus imbricatus;C3
Gladiolus palustris;C1
Glandularia tenera;C0
Glaucium corniculatum;C0
Glebionis coronaria;C0
Globodera pallida;D2
Globodera rostochiensis;D2
Glomerella acutata;E
Glossanodon leioglossus;C1
Glyceria grandis;D2
Glyceria maxima;E
Glycine max;C0
Gobio gobio;D2
Godronia multispora;E
Gomphidius maculatus;D2
Goniadella gracilis;E
Goniolimon elatum;C0
Gonionemus vertens;D2
Gonocerus acuteangulatus;B1
Gracilaria vermiculophylla;E
Graphocephala fennahi;E
Groenlandia densa;C2
Gryllotalpa gryllotalpa;B1
Guignardia aesculi;E
Guizotia abyssinica;C2
Gymnopilus luteofolius;E
Gypaetus barbatus;C1
Gypsophila elegans;C1
Gypsophila muralis;C3
Gypsophila paniculata;C2
Gypsophila pilosa;C2
Gypsophila repens;C3
Gyrodactylus salaris;E
Hablitzia tamnoides;C3
Haematobosca stimulans;D2
Halerpestes cymbalaria;E
Harmonia axyridis;E
Harpalus anxius;C1
Harpalus signaticornis;D2
Hawaiia minuscula;C1
Hedera colchica;C1
Hedera hibernica;C2
Hedychium coronarium;C0
Helianthus annuus;C2
Helianthus debilis cucumerifolius;C0
Helianthus decapetalus;C1
Helianthus × laetiflorus;C3
Helianthus pauciflorus;C1
Helianthus petiolaris;C0
Helianthus tuberosus;D2
Helicella itala;C2
Heliophila linearis linearifolia;C0
Heliopsis helianthoides;C0
Heliotropium europaeum;C0
Helix pomatia;E
Helminthotheca echioides;C2
Helophorus porculus;C1
Helosciadium nodiflorum;C0
Hemerocallis fulva;C3
Hemerocallis lilioasphodelus;C3
Hemizonia pungens;C0
Henoticus californicus;E
Heracleum mantegazzianum;E
Heracleum persicum;E
Heracleum pubescens;D2
Herniaria glabra;E
Herniaria hirsuta;C0
Herniaria polygama;C0
Hesperis matronalis;E
Hesperis pycnotricha;C0
Hesperis tristis;C3
Heterogaster urticae;E
Heterothops stiglundbergi;E
Heuchera sanguinea;C3
Hibiscus trionum;C3
Hieracium vulgatum;NA
Hippodamia convergens;C1
Hirschfeldia incana;C3
Holodiscus discolor;C1
Holoparamecus niger;C0
Homarus americanus;C2
Hoplocampa minuta;E
Hordeum comosum;C0
Hordeum jubatum;E
Hordeum marinum;C0
Hordeum murinum;C2
Hordeum secalinum;C0
Hordeum stenostachys;C0
Hordeum vulgare;NA
Hornungia procumbens;C0
Hosta lancifolia;C2
Hosta sieboldiana;C2
Hosta ventricosa;C2
Hottonia palustris;C1
Hyacinthoides hispanica;E
Hyacinthoides italica;C3
Hyacinthoides × massartiana;E
Hyacinthoides non-scripta;E
Hyacinthus orientalis;C1
Hydrangea arborescens;C2
Hydrangea macrophylla;C0
Hydrangea petiolaris;C1
Hydrotaea aenescens;D1
Hylotelephium anacampseros;D2
Hylotelephium ewersii;E
Hylotelephium ruprechtii;C1
Hylotelephium spectabile;C1
Hylotelephium telephium;E
Hymenoscyphus fraxineus;E
Hypecoum pendulum;C0
Hypericum calycinum;C1
Hypericum humifusum;C0
Hypochaeris glabra;C3
Hypoderma lineatum;C3
Hypogastrura serrata;C3
Hypoponera punctatissima;E
Iberis amara;C2
Iberis sempervirens;C2
Iberis umbellata;C2
Icterus wagleri;C1
Ilex × meserveae;C2
Illecebrum verticillatum;C0
Illinoia lambersi;D2
Impatiens balsamina;C0
Impatiens glandulifera;E
Impatiens parviflora;E
Impatiens scabrida;C0
Inula britannica;C3
Inula conyzae;C0
Inula ensifolia;C0
Inula helenium;D2
Ipomoea cairica;C0
Ipomoea coccinea;C0
Ipomoea lacunosa;C0
Ipomoea nil;C0
Ipomoea purpurea;C0
Ips amitinus;C1
Iris aphylla;C3
Iris delavayi;C3
Iris × germanica;D2
Iris latifolia;C3
Iris reticulata;C3
Iris sanguinea;C3
Iris sibirica;D2
Iris variegata;C1
Ischyrocerus commensalis;E
Ismelia carinata;C0
Jacobaea abrotanifolia;C0
Jacobaea alpina;D2
Jacobaea erucifolia;C3
Jacobaea maritima;C0
Janetiella siskiyou;E
Juglans cinerea;C2
Juglans regia;C2
Juncus ensifolius;C3
Juncus inflexus;C1
Juncus tenuis;E
Juniperus chinensis;C2
Kabatiella caulivora;D2
Kali tragus;C0
Kalmia angustifolia;C3
Kickxia elatine crinita;C0
Kickxia elatine elatine;C0
Kickxia spuria;C0
Koeleria pyramidata;C2
Kolkwitzia amabilis;C2
Kryphioiulus occultus;C3
Kybos abstrusus;E
Laburnum alpinum;E
Laburnum anagyroides;E
Laburnum × watereri;D2
Lacerta agilis;C2
Lachnellula occidentalis;E
Lachnellula willkommii;E
Lactarius circellatus;C3
Lactuca sativa;C0
Lactuca serriola;E
Lactuca virosa;C0
Laelius pedatus;C0
Lagoecia cuminoides;C0
Lagurus ovatus;C0
Lamarckia aurea;C0
Lamiastrum galeobdolon argentatum;C3
Lamiastrum galeobdolon galeobdolon;E
Lamium amplexicaule orientale;C2
Lamium maculatum;D2
Lamprocapnos spectabilis;D2
Lappula marginata;C0
Lappula squarrosa;NA
Lapsana communis;NA
Larix decidua;E
Larix kaempferi;E
Larix × marschlinsii;E
Larix sibirica;D2
Lasius alienus;C1
Lasius neglectus;C1
Lasius neoniger;C1
Lasthenia coronaria;C0
Lathyrus annuus;C0
Lathyrus aphaca;C2
Lathyrus cicera;C0
Lathyrus hirsutus;C0
Lathyrus inconspicuus;C0
Lathyrus incurvus;C0
Lathyrus latifolius;D2
Lathyrus ochrus;C0
Lathyrus odoratus;C0
Lathyrus pisiformis;C0
Lathyrus pratensis;NA
Lathyrus sativus;C0
Lathyrus tuberosus;D2
Lavandula angustifolia;C2
Lavandula multifida;C0
Lavatera thuringiaca;C0
Lavatera trimestris;C0
Legousia hybrida;C0
Legousia pentagonia;C0
Legousia speculum-veneris;C0
Lehmannia valentiana;C1
Leistus fulvibarbis;E
Lens culinaris;C0
Leontodon saxatilis;C3
Leontopodium nivale alpinum;C1
Leonurus cardiaca;D2
Leonurus quinquelobatus;D2
Lepidium bonariense;C0
Lepidium campestre;E
Lepidium cordatum;C0
Lepidium coronopus;D2
Lepidium densiflorum;D2
Lepidium didymum;D2
Lepidium draba;D2
Lepidium heterophyllum;E
Lepidium latifolium;E
Lepidium perfoliatum;C2
Lepidium ramosissimum;C0
Lepidium ruderale;E
Lepidium sativum;C2
Lepidocyrtus curvicollis;C3
Lepidocyrtus pallidus;D2
Lepidocyrtus weidneri;C3
Lepidosaphes newsteadi;D2
Lepidotheca suaveolens;E
Lepomis gibbosus;D2
Leptinella squalida;C0
Leptinotarsa decemlineata;C1
Leptoglossus occidentalis;C1
Leptomastix dactylopii;B1
Lepus europaeus;E
Leratiomyces ceres;D2
Leratiomyces percevalii;D2
Leucanthemella serotina;C0
Leucanthemum maximum;D2
Leucanthemum × superbum;D2
Leucaspius delineatus;D2
Leucoagaricus americanus;C1
Leucoagaricus melanotrichus;B1
Leucocoprinus birnbaumii;C0
Leucocoprinus brebissonii;B1
Leucocoprinus cepistipes;B1
Leucocoprinus cretaceus;C1
Leucocoprinus straminellus;B1
Leucojum aestivum;C3
Leucojum vernum;C3
Liatris spicata;C1
Ligularia dentata;D2
Ligularia przewalskii;C3
Ligularia sibirica;C3
Ligularia stenocephala;C3
Ligustrum japonicum;C1
Ligustrum lucidum;C2
Ligustrum ovalifolium;C2
Lilioceris lilii;E
Lilium bulbiferum;D2
Lilium candidum;C2
Lilium × hollandicum;C2
Lilium lancifolium;C2
Lilium martagon;E
Lilium pensylvanicum;C1
Limax maximus;E
Limnanthes douglasii;C0
Limonium bonducellii;C0
Limonium lobatum;C0
Limonium sinuatum;C0
Linanthus dianthiflorus;C0
Linaria dalmatica macedonica;C0
Linaria genistifolia;C3
Linaria incarnata;C0
Linaria maroccana;C0
Linaria pinifolia;C1
Linaria purpurea;C1
Linaria repens;E
Linaria supina;C0
Linepithema humile;C1
Linum bienne;C0
Linum grandiflorum;C0
Linum perenne;D2
Lipandra polysperma;D2
Liriomyza huidobrensis;C0
Liriomyza sativae;C1
Liriomyza trifolii;C0
Lithocharis nigriceps;E
Lithodes maja;NA
Lobelia erinus;C0
Lobelia inflata;C0
Lobelia kalmii;C0
Lobelia urens;C0
Lobularia maritima;C2
Logfia gallica;C0
Lolium multiflorum;C2
Lolium perenne;E
Lolium rigidum;C0
Lonicera acuminata;C2
Lonicera alpigena;C3
Lonicera caerulea;E
Lonicera caprifolium;E
Lonicera fragrantissima;C2
Lonicera involucrata;D2
Lonicera × italica;C1
Lonicera japonica;C2
Lonicera korolkowii;C2
Lonicera ligustrina pileata;C2
Lonicera ligustrina yunnanensis;C2
Lonicera morrowii;C2
Lonicera nigra;C2
Lonicera sempervirens;C2
Lonicera tatarica;D2
Lopezia coronata;C0
Lopezia racemosa;C0
Lophodytes cucullatus;C1
Lotus angustissimus;C0
Lotus glaber;C3
Lotus pedunculatus;D2
Lotus sativus;D2
Lotus subbiflorus;C3
Lucilla singleyana;C1
Lunaria annua;D2
Lunaria rediviva;C1
Lunularia cruciata;C3
Luperomorpha xanthodera;C1
Lupinus albus;C0
Lupinus angustifolius;C0
Lupinus arboreus;C1
Lupinus hispanicus;C0
Lupinus luteus;C0
Lupinus nootkatensis;E
Lupinus perennis;E
Lupinus polyphyllus;E
Lupinus × regalis;C1
Luzula forsteri;C3
Luzula luzuloides;D2
Luzula nivea;C1
Lychnis chalcedonica;C3
Lychnis coronaria;C3
Lycium barbarum;D2
Lycium chinense;C1
Lycopersicon esculentum;C0
Lyctocoris campestris;E
Lyctus brunneus;C0
Lysichiton americanus;E
Lysichiton camtschatcensis;B2
Lysimachia arvensis caerulea;C0
Lysimachia ciliata;C3
Lysimachia foemina;C0
Lysimachia nummularia;E
Lysimachia punctata;E
Lysurus cruciatus;B1
Lythrum hyssopifolia;C2
Lythrum × scabrum;C1
Lythrum virgatum;C1
Macropsis graminea;E
Macrosiphoniella sanborni;C1
Macrosiphum euphorbiae;E
Madia glomerata;C0
Madia sativa;C0
Magnolia sieboldii;C2
Mahonia aquifolium;E
Maianthemum racemosum;C1
Maianthemum stellatum;C3
Malcolmia africana;C0
Malcolmia maritima;C0
Malope trifida;C0
Malus asiatica;C2
Malus baccata;C2
Malus dasyphylla;C2
Malus × domestica;NA
Malus × moerlandsii;C1
Malus prunifolia;C1
Malus × purpurea;C1
Malus sargentii;C1
Malus toringo;D2
Malva alcea;D2
Malva cretica;C0
Malva moschata;E
Malva parviflora;C0
Malva pusilla;D2
Malva sylvestris mauritiana;C2
Malva verticillata;C2
Mantisalca duriaei;C0
Mantisalca salmantica;C0
Marenzelleria viridis;C2
Marrubium vulgare;C1
Marsilea quadrifolia;C0
Matthiola longipetala bicornis;C0
Mauranthemum paludosum;C2
Medicago arabica;C0
Medicago corniculata;C0
Medicago falcata;D2
Medicago glomerata;C2
Medicago lupulina;NA
Medicago minima;C0
Medicago monantha;C0
Medicago polymorpha;C2
Medicago sativa;D2
Medicago truncatula;C0
Medicago turbinata;C0
Medicago × varia;D2
Megastigmus spermotrophus;E
Melampodium montanum;C2
Melampsoridium hiratsukanum;E
Melampyrum nemorosum;D2
Melanophthalma fuscipennis;C1
Melanothamnus harveyi;E
Melica altissima;C3
Melica ciliata;C3
Meligethes maurus;C2
Melilotus albus;E
Melilotus altissimus;E
Melilotus dentatus;C0
Melilotus indicus;C2
Melilotus infestus;C0
Melilotus micranthus;C0
Melilotus officinalis;E
Melilotus segetalis;C0
Melilotus wolgicus;C2
Melinis repens;C1
Melissa officinalis;C2
Meloidogyne hapla;C3
Meloidogyne naasi;D2
Melopsittacus undulatus;C1
Menispermum canadense;C1
Mentha canadensis;C1
Mentha × gentilis;D2
Mentha longifolia;D2
Mentha × piperita;D2
Mentha pulegium;C0
Mentha × rotundifolia;D2
Mentha × smithiana;C1
Mentha spicata;C3
Mentha suaveolens;C3
Mentha × villosa;C3
Mentha × villosonervata;D2
Mercurialis annua;D2
Meria laricis;E
Mertensia sibirica;C1
Mertensia virginica;C1
Mesembryanthemum nodiflorum;C0
Mesocoelopus collaris;C0
Micromys minutus;D2
Microthlaspi perfoliatum;C0
Microtus levis;A
Milax gagates;B1
Mimulus guttatus;E
Mimulus luteus;E
Mimulus moschatus;C0
Minuartia laricifolia;C0
Minuartia verna;C2
Mirabilis jalapa;C0
Misopates orontium;C0
Mitostoma chrysomelas;D2
Mnemiopsis leidyi;E
Modiola caroliniana;C0
Molgula manhattensis;D2
Mollugo verticillata;C0
Monarda didyma;C1
Monarda fistulosa;C1
Monarthropalpus flavus;E
Monochamus alternatus;C1
Monolepis nuttalliana;C3
Moraria sphagnicola;C3
Mulgedium tataricum;C1
Mus musculus;NA
Muscari armeniacum;C3
Muscari botryoides;E
Muscari latifolium;C2
Mutinus ravenelii;D2
Myagrum perfoliatum;C0
Myocastor coypus;C2
Myosotis alpestris;C1
Myosotis arvensis;NA
Myosotis sparsiflora;D1
Myosotis sylvatica;E
Myrmecocephalus concinnus;E
Myrrhis odorata;E
Myzus ascalonicus;E
Narcissus × cyclazetta;C2
Narcissus hispanicus;C1
Narcissus × incomparabilis;C2
Narcissus × medioluteus;C1
Narcissus poeticus;E
Narcissus pseudonarcissus;E
Nasturtium officinale;C3
Nasua sp.;C2
Navarretia sinistra pinnatisecta;C0
Necrobia ruficollis;C1
Necrobia rufipes;C1
Necrobia violacea;E
Neillia sinensis;C1
Nemapogon granella;C0
Nematodirus battus;E
Nematostoma parasiticum;D2
Nematus spiraeae;D2
Nemophila maculata;C0
Nemophila menziesii;C0
Neovison vison;E
Nepeta cataria;D2
Nepeta × faasenii;C1
Nepeta grandiflora;C2
Nepeta laevigata;C0
Nepeta nuda;C0
Nepeta racemosa;C3
Nepeta sibirica;D2
Neslia paniculata;C3
Nezara viridula;B1
Nicandra physalodes;C2
Nicotiana alata;C0
Nicotiana rustica;C0
Nicotiana × sanderae;C0
Nicotiana sylvestris;C0
Nicotiana tabacum;C0
Nigella damascena;C0
Noccaea caerulescens;E
Nonea versicolor;D2
Nothofagus antarctica;C2
Nyctereutes procyonoides;C1
Nymphicus hollandicus;C1
Nymphoides peltata;C1
Ocimum basilicum;C0
Odontites vulgaris;E
Oenopia conglobata;C0
Oenothera albipercurva;C0
Oenothera ammophila;E
Oenothera biennis;E
Oenothera cambrica;C0
Oenothera canovirens;C3
Oenothera casimiri;C0
Oenothera depressa;C3
Oenothera fallax;C0
Oenothera glazioviana;C3
Oenothera hoelscheri;C0
Oenothera laciniata;C2
Oenothera lamarckiana;C0
Oenothera lindheimeri;C0
Oenothera muricata;E
Oenothera oakesiana;C0
Oenothera perangusta;C3
Oenothera perennis;C2
Oenothera rubricauloides;C0
Oenothera scandinavica;C0
Oenothera stricta;C0
Oenothera villosa;C0
Oenothera wienii;C0
Oligota parva;E
Omalium rugatum;E
Omonadus floralis;E
Omphalodes linifolia;C0
Omphalodes verna;C3
Onchocleidus sp.;C3
Onchocleidus dispar;C3
Oncorhynchus gorbuscha;E
Oncorhynchus keta;C1
Oncorhynchus mykiss;E
Ondatra zibethicus;D2
Onobrychis viciifolia;C1
Ononis spinosa spinosa;D2
Onychiurus folsomi;C3
Onychiurus normalis;B1
Ophiostoma novo-ulmi;E
Ophiostoma ulmi;D2
Opilio canestrinii;E
Opsius stactogalus;C1
Orchesella quinquefasciata;B1
Origanum majorana;C0
Origanum vulgare prismaticum;C2
Ornithogalum narbonense;C2
Ornithogalum nutans;C3
Ornithogalum umbellatum;E
Ornithopus compressus;C3
Ornithopus perpusillus;C0
Ornithopus pinnatus;C2
Ornithopus sativus;C2
Orobanche caryophyllacea;C3
Orobanche elatior;C3
Orobanche gracilis;C1
Orobanche hederae;C3
Orobanche lucorum;C3
Oryctes nasicornis;E
Oryctolagus cuniculus;D2
Ostearius melanopygius;E
Osteospermum jucundum;C0
Othocallis mischtschenkoana;C2
Othocallis siberica;E
Otiorhynchus armadillo;E
Otiorhynchus corruptor;C0
Otiorhynchus indefinitus;C1
Ovibos moschatus;D2
Ovis aries musimon;C1
Oxalis adenophylla;C3
Oxalis articulata;C0
Oxalis corniculata;C3
Oxalis dillenii;C2
Oxalis pes-caprae;C0
Oxalis stricta;E
Oxalis triangularis papilionacea;C0
Oxidus gracilis;C1
Oxybasis glauca salina;C0
Oxybasis rubra;D2
Oxybasis urbica;C0
Oxychilus draparnaudi;E
Oxytelus migrator;E
Oxyura jamaicensis;C1
Pachyrhinus lethierryi;D2
Pachysandra terminalis;C1
Pacifastacus leniusculus;E
Paeonia officinalis;C1
Paeonia × suffruticosa;C2
Panaphis juglandis;C3
Panicum capillare;C0
Panicum miliaceum;C0
Papaver alpinum;C2
Papaver argemone;C0
Papaver atlanticum;C3
Papaver bivalve hybridum;C0
Papaver bracteatum;C2
Papaver cambricum;E
Papaver croceum;E
Papaver dubium dubium;C2
Papaver dubium lecoqii;C0
Papaver hybridum;C0
Papaver rhoeas;C2
Papaver setiferum;C3
Parablennius zvonimiri;C0
Paralithodes camtschaticus;E
Parasenecio hastatus;C2
Parasteatoda tepidariorum;C1
Parentucellia viscosa;C0
Parietaria judaica;C3
Parietaria officinalis;C0
Parietaria pensylvanica;C3
Parthenocissus inserta;D2
Parthenocissus quinquefolia;C3
Parthenocissus tricuspidata;C1
Parthenolecanium pomeranicum;D1
Paspalum dilatatum;C1
Passerina amoena;C1
Passerina caerulea;C1
Passerina ciris;C1
Passerina cyanea;C1
Passiflora edulis;C0
Pastinaca sativa hortensis;E
Pastinaca sativa sativa;D2
Pedicularis comosa;C0
Pelecanus crispus;C1
Pelecanus onocrotalus;C1
Pelecanus rufescens;C1
Pelophylax esculentus;E
Pelophylax lessonae lessonae;E
Pelophylax ridibundus;C1
Penilia avirostris;D2
Pennisetum setaceum;C0
Pentaglottis sempervirens;C3
Pericallis cruenta;C0
Perigona nigriceps;E
Persicaria capitata;C2
Persicaria decipiens;C0
Persicaria extremiorientalis;C0
Persicaria lapathifolia brittingeri;C0
Persicaria pensylvanica;C0
Persicaria wallichii;C3
Petasites hybridus;E
Petasites japonicus giganteus;E
Petricolaria pholadiformis;D2
Petroselinum crispum;C2
Petunia × hybrida;C0
Petunia integrifolia;C0
Peziza ostracoderma;C0
Phacelia bipinnatifida;C0
Phacelia campanularia;C0
Phacelia minor;C0
Phacelia tanacetifolia;C2
Phaeocryptopus gaeumannii;D2
Phaeolepiota aurea;E
Phalaris angusta;C0
Phalaris arundinacea picta;D2
Phalaris brachystachys;C0
Phalaris canariensis;C0
Phalaris coerulescens;C0
Phalaris minor;C0
Phalaris paradoxa;C0
Phaseolus coccineus;C0
Phaseolus vulgaris;C0
Phasianus colchicus;D2
Phedimus aizoon;E
Phedimus crenatus;C3
Phedimus ellacombeanus;C1
Phedimus hybridus;E
Phedimus kamtschaticus;C3
Phedimus spurius;E
Phedimus stoloniferus;C1
Phellodendron amurense;C1
Philadelphus coronarius;D2
Philadelphus × lemoinei;C1
Philadelphus lewisii;C2
Philadelphus pubescens;C3
Philadelphus × virginalis;C1
Philonthus rectangulus;E
Phleum pratense pratense;NA
Phlox drummondii;C0
Phlox paniculata;C3
Phlox subulata;C3
Phoenicopterus chilensis;C1
Phoenicopterus minor;C1
Phoenicopterus roseus;C1
Phoenix dactylifera;C0
Phomopsis juniperivora;E
Photinia davidiana;C1
Phyllobius intrusus;D2
Phyllodrepa puberula;E
Physalis alkekengi;C3
Physalis grisea;C0
Physalis ixocarpa;C0
Physalis peruviana;C0
Physalis philadelphica;C0
Physalis virginiana;C0
Physocarpus opulifolius;D2
Physochlaina orientalis;C0
Physostegia virginiana;C1
Phyteuma nigrum;C3
Phyteuma scheuchzeri;C1
Phyteuma spicatum caeruleum;C3
Phytolacca acinosa;C0
Phytophthora alni;E
Phytophthora cactorum;E
Phytophthora cambivora;E
Phytophthora cinnamomi;C2
Phytophthora cryptogea;C3
Phytophthora fragariae;E
Phytophthora gonapodyides;E
Phytophthora gregata;C3
Phytophthora lacustris;E
Phytophthora megasperma;D2
Phytophthora pini;C3
Phytophthora plurivora;E
Phytophthora pseudosyringae;C3
Phytophthora ramorum;E
Phytophthora rubi;E
Phytophthora syringae;C3
Picea engelmannii;C2
Picea glauca;C2
Picea × lutzii;E
Picea mariana;C2
Picea omorika;C2
Picea orientalis;C2
Picea pungens;C2
Picea sitchensis;E
Picris hieracioides villarsii;D2
Pieris japonica;C1
Piezodorus lituratus;E
Pilosella aurantiaca aurantiaca;E
Pilosella caespitosa;D2
Pilosella piloselloides bauhinii;D2
Pilosella piloselloides praealta;D2
Pimpinella anisum;C0
Pimpinella major;E
Pinus banksiana;B2
Pinus cembra;E
Pinus contorta;C3
Pinus mugo;E
Pinus nigra;C2
Pinus peuce;C2
Pinus sibirica;D2
Pinus strobus;C3
Pinus uncinata;C3
Pistia stratiotes;C0
Pisum sativum;NA
Plagiobothrys scouleri;C0
Plagiolepis vindobonensis;C0
Planorbarius corneus;D2
Planorbis carinatus;D2
Plantago afra;C0
Plantago altissima;C1
Plantago coronopus;C0
Plantago indica;C2
Plantago major major;NA
Plantago media;NA
Plantago virginica;C2
Platystethus degener;C1
Pleurophorus caesus;C0
Plodia interpunctella;C0
Poa angustifolia;NA
Poa annua;NA
Poa chaixii;D2
Poa humilis;NA
Poa palustris;NA
Poa pratensis;NA
Poa supina;E
Poa trivialis;NA
Podosphaera mors-uvae;E
Podosphaera spiraeae;E
Polemonium reptans;C2
Polistes nimpha;C0
Polycarpon tetraphyllum;C0
Polycnemum majus;C0
Polydrusus formosus;E
Polygonum aviculare;NA
Polygonum aviculare rurivagum;D2
Polygonum bellardii;C0
Polygonum patulum;C0
Polypogon monspeliensis;C3
Polypogon viridis;C0
Populicerus nitidissimus;E
Populus alba;D2
Populus balsamifera;E
Populus × berolinensis;D2
Populus × canadensis;C3
Populus × canescens;D2
Populus deltoides;C3
Populus lasiocarpa;C1
Populus laurifolia;C3
Populus nigra;C3
Populus simonii;C2
Populus trichocarpa;C3
Populus tristis;C3
Porcellionides pruinosus;C3
Porotachys bisulcatus;E
Portulaca oleracea oleracea;C3
Portulaca oleracea sativa;C0
Potamopyrgus antipodarum;E
Potentilla alba;C2
Potentilla anglica;D2
Potentilla argyrophylla;C1
Potentilla atrosanguinea;C2
Potentilla collina;C2
Potentilla inclinata;C3
Potentilla intermedia;D2
Potentilla nepalensis;C2
Potentilla pulchella;C2
Potentilla recta;D2
Potentilla reptans;E
Potentilla sterilis;C1
Potentilla supina;C3
Potentilla thuringiaca;E
Prenanthes purpurea;C3
Primula auricula;C1
Primula denticulata;C2
Primula elatior elatior;E
Primula elatior pallasii;C3
Primula florindae;C1
Primula juliae;C2
Pristiphora angulata;E
Pristiphora erichsonii;C3
Pristiphora wesmaeli;E
Proasellus coxalis;D2
Procyon lotor;C1
Proisotoma subminuta;C3
Protaphorura fimata;D2
Prunella grandiflora;C1
Prunus cerasifera;D2
Prunus domestica domestica;NA
Prunus domestica insititia;D2
Prunus laurocerasus;C2
Prunus maackii;C2
Prunus mahaleb;D2
Prunus persica;C1
Prunus serotina;C3
Prunus virginiana;C2
Psephellus dealbatus;C2
Pseudeuophrys obsoleta;C1
Pseudodactylogyrus anguillae;D2
Pseudodactylogyrus bini;D2
Pseudofumaria alba;C2
Pseudofumaria lutea;E
Pseudosclerochloa rupestris;C3
Pseudotsuga menziesii;C3
Psilocybe cyanescens;D2
Psittacula krameri;C1
Psylla buxi;E
Ptelea trifoliata;C1
Pterocarya rhoifolia;C2
Ptinella johnsoni;E
Ptinus fur;C2
Pulicaria dysenterica;C0
Pulmonaria affinis;C3
Pulmonaria mollis;C3
Pulmonaria montana;C3
Pulmonaria obscura;C2
Pulmonaria officinalis;C3
Pulmonaria rubra;C3
Pulmonaria saccharata;C3
Pulsatilla vulgaris;C2
Puschkinia scilloides;C3
Pycnonotus aurigaster;C1
Pygoscelis papua;C1
Pyracantha coccinea;C2
Quedius scintillans;C1
Quercus cerris;C2
Quercus rubra;C3
Rabigus pullus;C1
Ranunculus aconitifolius;C2
Ranunculus acris acris;NA
Ranunculus acris friesianus;C2
Ranunculus arvensis;C0
Ranunculus auricomus agg.;NA
Ranunculus hederaceus;C3
Ranunculus illyricus;C2
Ranunculus lanuginosus;C2
Ranunculus muricatus;C0
Ranunculus psilostachys;C2
Ranunculus repens;NA
Ranunculus sardous;C2
Ranunculus serpens;C1
Ranunculus subborealis villosus;NA
Raphanus raphanistrum raphanistrum;NA
Rapistrum perenne;C0
Rapistrum rugosum;C3
Rattus norvegicus;NA
Reesa vespulae;C1
Reseda alba;C0
Reseda lutea;D2
Reseda luteola;C3
Reseda odorata;C0
Reynoutria × bohemica;E
Reynoutria japonica;E
Reynoutria sachalinensis;E
Rhabdocline pseudotsugae;D2
Rheum undulatum;C1
Rhinanthus alectorolophus;D2
Rhodanthe chlorocephala;C0
Rhodanthe manglesii;C0
Rhododendron brachycarpum;C2
Rhododendron catawbiense;C3
Rhododendron ponticum baeticum;B2
Rhododendron sutchuenense;C2
Rhopalomyia chrysanthemi;C1
Rhus coriaria;C0
Rhus typhina;D2
Rhytidodus decimusquartus;E
Rhyzobius chrysomeloides;C1
Ribes aureum;C2
Ribes divaricatum;C3
Ribes nevadaense;C1
Ribes × pallidum;C2
Ribes petraeum;C1
Ribes sanguineum;C3
Ricciocarpos natans;E
Ricinus communis;C0
Robinia pseudoacacia;C3
Robinia viscosa;C2
Rodgersia aesculifolia;C1
Rodgersia podophylla;C3
Rorippa amphibia;C1
Rorippa × armoracioides;E
Rorippa austriaca;D2
Rorippa palustris hispida;C0
Rorippa palustris palustris;NA
Rorippa sylvestris;NA
Rosa acicularis;C2
Rosa × alba;C1
Rosa carolina;C2
Rosa × centifolia;C1
Rosa davurica;C1
Rosa foetida;C1
Rosa gallica;C1
Rosa glauca;E
"Rosa ""Hollandica""";C2
Rosa micrantha;C1
Rosa moyesii;C2
Rosa multiflora;C2
Rosa nitida;C1
Rosa pendulina;D2
Rosa rugosa;E
Rosa × spaethiana;C2
Rosa virginiana;C1
Rosa xanthina;C1
Rostraria cristata;C0
Rubia peregrina;C0
Rubus allegheniensis;C2
Rubus armeniacus;D2
Rubus bifrons;C1
Rubus dasyphyllus;C1
Rubus echinatus;C3
Rubus euryanthemus;C3
"Rubus fruticosus coll. ""Thornless Evergreen""";C1
Rubus glandulosus;C3
Rubus hartmanii;C3
Rubus horridus;C3
Rubus laciniatus;C3
Rubus leptothyrsus;C3
Rubus loganobaccus;C1
Rubus odoratus;D2
Rubus parviflorus;D2
Rubus pedemontanus;C3
Rubus phoenicolasius;C1
Rubus pyramidalis;C3
Rubus rudis;C3
Rubus sciocharis;C1
Rubus silvaticus;C3
Rubus slesvicensis;C3
Rubus spectabilis;D2
Rubus tuberculatus;C3
Rudbeckia hirta;C2
Rudbeckia laciniata;C3
Ruditapes philippinarum;C1
Rumex acetosa;NA
Rumex acetosella;NA
Rumex acetosella pyrenaicus;C0
Rumex confertus;D2
Rumex conglomeratus;C1
Rumex crispus;NA
Rumex fueginus;C0
Rumex longifolius;NA
Rumex obovatus;C1
Rumex palustris;C0
Rumex patientia orientalis;C0
Rumex patientia patientia;C3
Rumex pseudo-alpinus;E
Rumex pulcher;C0
Rumex rugosus;C3
Rumex stenophyllus;C0
Rumex triangulivalvis;C2
Ruta graveolens;C1
Sagina micropetala;C3
Salix acutifolia;C3
Salix aegyptiaca;C1
Salix alaxensis;C2
Salix alba alba;E
Salix alba chermesina;C2
Salix alba sericea;D2
Salix alba vitellina;D2
Salix × alopecuroides;C3
Salix babylonica;C2
Salix × boydii;C1
"Salix ""Brekkavier""";C2
Salix × calodendron;C2
Salix daphnoides daphnoides;C2
Salix daphnoides pomeranica;C2
Salix × dasyclados;D2
Salix × ehrhartiana;E
Salix eleagnos;C1
Salix euxina;E
"Salix euxina ""Bullata""";C2
Salix × fragilis;E
Salix × holosericea;C3
Salix lasiandra;B2
Salix × laurina;C3
Salix × meyeriana;E
Salix × mollissima;E
Salix × pendulina;C2
Salix × pentandroides;E
Salix purpurea;D2
Salix × rubra;C2
Salix × salamonii;C2
Salix schwerinii;B2
Salix × smithiana;E
Salix × stipularis;C1
Salix viminalis;E
Salvelinus fontinalis;D2
Salvelinus namaycush;D2
Salvia divinorum;C0
Salvia elegans;C0
Salvia nemorosa;C2
Salvia officinalis;C3
Salvia patens;C0
Salvia pratensis;C2
Salvia scabra;C0
Salvia × sylvestris;C1
Salvia verticillata;D2
Salvia viridis;C0
Sambucus ebulus;C3
Sambucus nigra;E
Sambucus pubens;C3
Sambucus racemosa;E
Samolus valerandi;C0
Sanguisorba canadensis canadensis;C1
Sanguisorba canadensis latifolia;C2
Sanguisorba × menziesii;C1
Sanguisorba minor;E
Sanguisorba obtusa;C1
Sanguisorba officinalis;NA
Sanvitalia procumbens;C0
Saponaria ocymoides;C3
Saponaria officinalis;E
Sargassum muticum;E
Sasa quelpaertensis;C1
Satureja hortensis;C0
Saussurea alpina;NA
Sawadaea bicornis;E
Saxifraga × arendsii;C2
Saxifraga cuneifolia;C1
Saxifraga × geum;C3
Saxifraga hostii;C3
Saxifraga rosacea;C3
Saxifraga rotundifolia;D2
Saxifraga × schraderi;C1
Saxifraga umbrosa;C3
Saxifraga × urbium;C2
Scandix pecten-veneris;C0
Schedonorus pratensis;E
Schizanthus pinnatus;C0
Schizoporella japonica;E
Schyzocotyle acheilognathi;C1
Scilla bifolia;C3
Scilla forbesii;C3
Scilla luciliae;C3
Scilla sardensis;C3
Scleranthus annuus annuus;D2
Scopolia carniolica;E
Scorpiurus vermiculatus;C0
Scorzonera hispanica;C1
Scrophularia auriculata;C0
Scrophularia chrysantha;C3
Scrophularia peregrina;C0
Scrophularia scopolii;C2
Scrophularia scorodonia;C0
Scrophularia umbrosa;C0
Scrophularia vernalis;C0
Scutellaria alpina;C0
Scutellaria altissima;C3
Sebastiscus marmoratus;C1
Secale cereale;NA
Securigera securidaca;C0
Securigera varia;D2
Sedum dasyphyllum;C3
Sedum forsterianum;C3
Sedum hispanicum;D2
Sedum lydium;C3
Sedum sexangulare;D2
Sempervivum tectorum;C3
Senecio inaequidens;E
Senecio leucanthemifolius vernalis;D2
Senecio nemorensis;C1
Senecio ovatus;C3
Senecio pseudoarnica;E
Senecio squalidus;E
Senecio viscosus;E
Senecio vulgaris;NA
Senecio vulgaris hibernicus;C2
Senna marilandica;C0
Senna obtusifolia;C0
Serinus canaria;C1
Serinus mozambicus;C1
Setaria faberi;C2
Setaria italica;C2
Setaria parviflora;C2
Setaria pumila;C2
Setaria verticillata;C2
Sibbaldianthe bifurca orientalis;C3
Sicyos angulatus;C0
Sida rhombifolia;C0
Sida rhombifolia alnifolia;C0
Sida spinosa;C0
Sideritis montana;C2
Silene antirrhina;C0
Silene conica;C0
Silene conoidea;C0
Silene csereii;C2
Silene dichotoma;C2
Silene gallica;C3
Silene latifolia alba;NA
Silene otites;C0
Silene pendula;C0
Silene pseudoatocion;C0
Silene stricta;C0
Silybum marianum;C0
Sinacalia tangutica;C3
Sinapis alba dissecta;C0
Sinapis arvensis;NA
Sinella curviseta;B1
Sinella tenebricosa;C3
Sisymbrium altissimum;D2
Sisymbrium austriacum;C0
Sisymbrium irio;C0
Sisymbrium loeselii;D2
Sisymbrium luteum;C2
Sisymbrium orientale;C2
Sisymbrium strictissimum;C3
Sisymbrium volgense;C2
Sisyrinchium montanum;C3
Sisyrinchium rosulatum;C1
Sitotroga cerealella;C0
Sminthurinus niger;B1
Sminthurinus trinotatus;B1
Solanum americanum;D2
Solanum capsicoides;C0
Solanum carolinense;C0
Solanum chenopodioides;C1
Solanum decipiens;D2
Solanum hendersonii;C0
Solanum laciniatum;C0
Solanum marginatum;C0
Solanum physalifolium;D2
Solanum rostratum;C0
Solanum sarrachoides;C0
Solanum sisymbriifolium;C0
Solanum tuberosum;C0
Solanum villosum;C3
Solenopsis fugax;C0
Solidago canadensis;E
Solidago gigantea serotina;D2
Solidago ptarmicoides;C1
Solidago rugosa;C1
Soliva sessilis;C0
Sonchus oleraceus;NA
Sorbaria sorbifolia;E
Sorbus austriaca;C3
Sorbus commixta;C3
Sorbus intermedia;E
Sorbus koehneana;C2
Sorbus latifolia;E
Sorbus mougeotii;E
Sorbus zahlbruckneri;C1
Sorghum bicolor;C0
Sorghum halepense;C0
Spanioneura fonscolombii;C1
Spergularia platensis;C0
Spergularia rubra;E
Sphaeropsis sapinea;E
Spinacia oleracea;C0
Spiraea alba;D2
Spiraea × arguta;D2
Spiraea baldschuanica;C1
Spiraea betulifolia;C3
Spiraea × billardii;D2
Spiraea blumei;C1
Spiraea canescens;C1
Spiraea chamaedryfolia;D2
Spiraea × cinerea;C3
Spiraea douglasii;D2
Spiraea japonica;D2
Spiraea latifolia;D2
Spiraea × macrothyrsa;C3
Spiraea media;C3
Spiraea nipponica;C1
Spiraea × pseudosalicifolia;C3
Spiraea × rosalba;D2
Spiraea × rubella;D2
Spiraea salicifolia;D2
Spiraea tomentosa;C3
Spiraea trilobata;C3
Spiraea × vanhouttei;C3
Stachys annua;C2
Stachys arvensis;C2
Stachys byzantina;C3
Stachys cretica salviifolia;C0
Stachys germanica;C3
Stachys menthifolia;C0
Stachys recta;C2
Steatoda triangulosa;C1
Stellaria graminea;NA
Stellaria media;NA
Stenidiocerus poecilus;E
Stenotaphrum secundatum;C0
Stephanandra incisa;C2
Stigmatogaster subterraneus;C0
Stomoxys calcitrans;C0
Stratiotes aloides;C1
Streptopelia roseogrisea risoria;C2
Streptopelia senegalensis;C1
Stricticollis tobias;E
Stromatinia cepivora;E
Stromatinia gladioli;D1
Strongyloides stercoralis;C2
Stropharia rugosoannulata;D1
Styela clava;E
Suillus cavipes;D2
Suillus grevillei;D2
Suillus placidus;D1
Suillus viscidus;D2
Sus scrofa;E
Swida alba;E
Swida alternifolia;C2
Swida sericea;E
Symphoricarpos albus;E
Symphoricarpos × chenaultii;C1
Symphoricarpos orbiculatus;C1
Symphyotrichum cordifolium;C3
Symphyotrichum laeve;C3
Symphyotrichum lanceolatum;C3
Symphyotrichum novae-angliae;C2
Symphyotrichum novi-belgii;D2
Symphyotrichum patulum;C1
Symphyotrichum × salignum;D2
Symphyotrichum shortii;C1
Symphyotrichum squamatum;C1
Symphyotrichum × versicolor;D2
Symphytum asperum;E
Symphytum officinale;E
Symphytum tauricum;C1
Symphytum tuberosum;C3
Symphytum × uplandicum;E
Syringa × chinensis;C1
Syringa emodi;C1
Syringa josikaea;C2
Syringa komarowii;C2
Syringa persica;C1
Syringa reticulata;C2
Syringa vulgaris;E
Tachyura parvula;E
Tadorna ferruginea;C1
Tagetes erecta;C0
Tagetes minuta;C0
Tanacetum coccineum;C3
Tanacetum corymbosum;C2
Tanacetum macrophyllum;C3
Tanacetum parthenium;C3
Tanacetum vulgare;NA
Taphrina acericola;D2
Taphrina ulmi;D2
Taraxacum sect. Ruderalia;NA
Tarenaya spinosa;C0
Taxodium distichum;C0
Taxus × media;C2
Tegenaria domestica;D2
Telekia speciosa;D2
Tellima grandiflora;D2
Telmatogeton japonicus;D1
Tenebrio obscurus;C0
Tephroseris palustris;C2
Teucrium botrys;C0
Thalassaphorura encarpata;B1
Thalassarche chrysostoma;C1
Thalictrum aquilegiifolium;D2
Thalictrum delavayi;C2
Thalictrum lucidum;C1
Thalictrum minus minus;D2
Thalictrum speciosissimum;C2
Thecturota marchii;E
Thelesperma megapotamicum;C0
Thermopsis lupinoides;C3
Thermopsis montana;C3
Thladiantha dubia;C0
Thlaspi arvense;NA
Thlaspi ceratocarpum;C2
Thoracochaeta seticosta;E
Thuja occidentalis;D1
Thuja plicata;C2
Thymus odoratissimus;C1
Thymus praecox praecox;C3
Thymus vulgaris;C1
Tiarella cordifolia;C3
Tilia × europaea;C2
Tilia platyphyllos;E
Tinca tinca;D2
Trachemys scripta;C1
Tradescantia × andersoniana;C1
Tremella simplex;D1
Tremulicerus fulgidus;E
Tribulus terrestris;C0
Tricellaria inopinata;E
Trichiusa immigrata;E
Tricholoma psammopus;D2
Trichoniscoides sarsi;C3
Trifolium alexandrinum;C0
Trifolium angustifolium;C0
Trifolium badium;C2
Trifolium ciliolatum;C0
Trifolium glomeratum;C0
Trifolium hybridum;NA
Trifolium hybridum elegans;C0
Trifolium incarnatum;C2
Trifolium micranthum;C2
Trifolium microcephalum;C0
Trifolium pallidum;C0
Trifolium pannonicum;C1
Trifolium pratense;NA
Trifolium repens;NA
Trifolium resupinatum;C2
Trifolium retusum;C0
Trifolium rubens;C1
Trifolium spadiceum;D2
Trifolium spumosum;C0
Trifolium striatum;C0
Trifolium subterraneum;C0
Trifolium suffocatum;C0
Trifolium willdenowii;C0
Trigonella caerulea;C0
Trigonella crassipes;C0
Trigonella foenum-graecum;C0
Trigonella hamosa;C0
Trigonella laciniata;C0
Trigonella procumbens;C0
Triodanis perfoliata;C0
Trioza apicalis;D2
Triphysaria eriantha;C0
Tripleurospermum inodorum;NA
Tripleurospermum maritimum;NA
Tripterygium wilfordii;C1
Trisetum flavescens;D2
Triticum compactum;C0
Triticum spelta;C0
Triticum turgidum;C0
Trixagus atticus;C3
Trogoderma angustum;C0
Trollius asiaticus;B2
Trollius yunnanensis;C1
Tropaeolum majus;C2
Tropaeolum peregrinum;C0
Tropaeolum speciosum;C1
Trotomma pubescens;C0
Tsuga canadensis;C2
Tsuga heterophylla;E
Tsuga mertensiana;C2
Tulipa gesneriana;C2
"Tulipa gesneriana ""Borøya""";C3
"Tulipa gesneriana ""Helldal""";C3
"Tulipa gesneriana ""The Pilot""";C3
Tulipa sylvestris;E
Tulipa tarda;C3
Turgenia latifolia;C0
Tussilago farfara;NA
Tuta absoluta;B1
Typhaea haagi;E
Ulex europaeus;C3
Ulex gallii;C1
Ulex minor;C1
Ulmus × hollandica;C1
Ulmus laevis;D2
Ulmus minor;D2
Uragus sibiricus;C1
Urocerus flavicornis;C0
Urtica dioica dioica;NA
Urtica gracilis;C1
Vaccaria hispanica;C0
Vaccinium corymbosum;C2
Valerianella carinata;C0
Valerianella dentata;C2
Valerianella eriocarpa;C0
Valerianella rimosa;C0
Vancouveria hexandra;C3
Veratrum album;C3
Verbascum blattaria;C0
Verbascum chaixii;C0
Verbascum densiflorum;C2
Verbascum lychnitis;C3
Verbascum olympicum;C2
Verbascum ovalifolium;C0
Verbascum phlomoides;C2
Verbascum phoeniceum;C2
Verbascum pyramidatum;C0
Verbascum speciosum;C2
Verbascum virgatum;C0
Verbena bonariensis;C0
Verbena hastata;C0
Verbena × hybrida;C0
Verbena officinalis;C3
Verbena rigida;C0
Verbesina encelioides;C0
Veronica anagalloides;C0
Veronica austriaca austriaca;C3
Veronica austriaca dentata;C0
Veronica austriaca teucrium;C3
Veronica catenata;C0
Veronica cymbalaria;C0
Veronica filiformis;D2
Veronica gentianoides;C3
Veronica hederifolia hederifolia;D2
Veronica hederifolia lucorum;D2
Veronica hederifolia triloba;C2
Veronica longifolia;NA
Veronica opaca;D2
Veronica peregrina peregrina;D2
Veronica peregrina xalapensis;C0
Veronica persica;E
Veronica polita;D2
Veronica prostrata;C1
Veronica repens;C1
Veronicastrum virginicum;C1
Viburnum carlesii;C1
Viburnum lantana;E
Viburnum pubescens;C1
Vicia articulata;C0
Vicia bithynica;C0
Vicia cretica aegaea;C0
Vicia cuspidata;C0
Vicia dumetorum;C1
Vicia ervilia;C0
Vicia faba;C0
Vicia grandiflora;C0
Vicia lutea;C0
Vicia melanops;C0
Vicia narbonensis;C0
Vicia pannonica;C0
Vicia sativa;NA
Vicia sativa sativa;C2
Vicia sativa segetalis;C2
Vicia tenuifolia;C3
Vicia villosa;C2
Vinca minor;E
Vincetoxicum rossicum;E
Viola cornuta;C2
Viola elatior;C0
Viola lutea;C0
Viola odorata;E
Viola suavis;C3
Viola × williamsii;C2
Viola × wittrockiana;C2
Vitis vinifera;C1
Vitis vulpina;C1
Viviparus viviparus;D2
Volvariella pusilla;C1
Volvariella volvacea;C0
Vulpia myuros;D2
Waldsteinia geoides;C3
Waldsteinia ternata;C3
Weigela florida;C1
Wisteria sinensis;C1
Xanthium orientale italicum;C0
Xanthium strumarium;C0
Xanthocephalus xanthocephalus;C1
Xeranthemum annuum;C0
Xerolenta obvia;C1
Zea mays;C0
Zinnia haageana;C0
Zonitoides arboreus;C2
Zosterops sp.;C1
Zyginella pulchra;E
